Category,Season
Women/Swimwear/Two-Piece,summer
"Women/Dresses/Above Knee, Mini",summer
Women/Shoes/Boots,winter
"Women/Tops & Blouses/Tank, Cami",summer
Women/Swimwear/One-Piece,summer
Women/Coats & Jackets/Vest,winter
"Women/Pants/Capris, Cropped",summer
Men/Coats & Jackets/Fleece Jacket,winter
Women/Sweaters/Crewneck,winter
Women/Athletic Apparel/Jackets,winter
Women/Dresses/Knee-Length,summer
Women/Sweaters/Full Zip,winter
Women/Skirts/Mini,summer
Kids/Girls (4+)/Dresses,summer
Women/Tops & Blouses/Halter,summer
Women/Sweaters/Cardigan,winter
Women/Sweaters/Collared,winter
Women/Shoes/Sandals,summer
Women/Sweaters/Hooded,winter
Kids/Girls (4+)/Coats & Jackets,winter
Kids/Girls 0-24 Mos/Dresses,summer
"Men/Sweats & Hoodies/Sweatshirt, Pullover",winter
Men/Shorts/Casual Shorts,summer
Sports & Outdoors/Outdoors/Fishing,summer
Kids/Boys 0-24 Mos/Coats & Jackets,winter
Women/Women's Accessories/Sunglasses,summer
Women/Coats & Jackets/Fleece Jacket,winter
Men/Men's Accessories/Sunglasses,summer
Men/Shoes/Boots,winter
Kids/Boys 2T-5T/Coats & Jackets,winter
Women/Coats & Jackets/Peacoat,winter
Kids/Girls 0-24 Mos/One-Pieces,summer
Men/Shoes/Sandals,summer
Women/Sweaters/V-Neck,winter
Kids/Boys 0-24 Mos/Swimwear,summer
Kids/Boys 0-24 Mos/One-Pieces,summer
Men/Coats & Jackets/Peacoat,winter
Women/Swimwear/Beach Accessories,summer
Kids/Boys (4+)/Coats & Jackets,winter
Women/Coats & Jackets/Other,winter
Women/Coats & Jackets/Military,winter
"Women/Sweaters/Turtleneck, Mock",winter
Women/Women's Accessories/Scarves & Wraps,winter
Women/Sweaters/Cowl Neck,winter
Women/Sweaters/Poncho,winter
Kids/Girls 2T-5T/Coats & Jackets,winter
Men/Tops/Tank,summer
Women/Swimwear/Cover-Ups,summer
Women/Coats & Jackets/Cape,winter
"Women/Jeans/Capri, Cropped",summer
Women/Sweaters/Other,winter
Men/Athletic Apparel/Jackets,winter
Kids/Girls 0-24 Mos/Coats & Jackets,winter
Women/Sweaters/Tunic,winter
Women/Skirts/Pleated,summer
Men/Coats & Jackets/Windbreaker,winter
Kids/Boys 2T-5T/Swimwear,summer
Men/Sweats & Hoodies/Hoodie,winter
Women/Tops & Blouses/Knit Top,winter
Sports & Outdoors/Exercise/Yoga & Pilates,summer
Men/Athletic Apparel/Shorts,summer
Women/Coats & Jackets/Puffer,winter
Men/Sweaters/Other,winter
Women/Coats & Jackets/Raincoat,winter
Kids/Girls 0-24 Mos/Swimwear,summer
Men/Shorts/Cargo,summer
Men/Coats & Jackets/Vest,winter
Kids/Boys 2T-5T/One-Pieces,summer
Men/Shorts/Other,summer
Women/Tops & Blouses/Turtleneck,winter
Women/Coats & Jackets/Trench,winter
Kids/Girls (4+)/Swimwear,summer
Men/Swimwear/Board Shorts,summer
Women/Sweaters/Sweatercoat,winter
Sports & Outdoors/Outdoors/Snowboard,winter
Women/Coats & Jackets/Parka,winter
"Women/Sweaters/Vest, Sleeveless",winter
Men/Coats & Jackets/Parka,winter
Men/Swimwear/Swim Trunks,summer
Men/Coats & Jackets/Rainwear,winter
Women/Pants/Corduroys,winter
"Men/Shorts/Board, Surf",summer
Women/Sweaters/Wrap,winter
Women/Pants/Linen,summer
Men/Coats & Jackets/Flight,winter
Women/Athletic Apparel/Snowsuits & Bibs,winter
"Men/Shorts/Khakis, Chinos",summer
Kids/Girls 2T-5T/Swimwear,summer
Women/Sweaters/Shrug,winter
Sports & Outdoors/Outdoors/Water Sports,summer
Men/Sweaters/Cardigan,winter
Kids/Boys (4+)/Swimwear,summer
Men/Coats & Jackets/Puffer,winter
Men/Coats & Jackets/Trench,winter
Women/Maternity/Sweaters,winter
Men/Swimwear/Swim Briefs,summer
Men/Sweaters/Vest,winter
Men/Athletic Apparel/Snowsuits & Bibs,winter
Men/Shorts/Dress Shorts,summer
Men/Sweaters/Polo,winter
Men/Tops/Hawaiian,summer
Men/Tops/Turtleneck,winter
Women/Sweaters/Henley,winter
Men/Coats & Jackets/Wool,winter
Men/Shorts/Denim,summer
Men/Sweaters/Turtleneck,winter
"Men/Shorts/Carpenter, Utility",summer
Sports & Outdoors/Outdoors/Boating,summer
Men/Athletic Apparel/Competitive Swimwear,summer